﻿<?xml version="1.0" encoding="utf-8"?>
<ImportExportXml xmlns:xsi="http://www.w3.org/2001/XMLSchema-instance">
  <Entities>
    <Entity>
      <Name LocalizedName="Asset management maintenance service levels V2 (mserp)" OriginalName="Asset management maintenance service levels V2 (mserp)">mserp_entassetmaintenanceassetservicelevelv2entity</Name>
      <RibbonDiffXml />
    </Entity>
    <Entity>
      <Name LocalizedName="Tracking dimension groups (mserp)" OriginalName="Tracking dimension groups (mserp)">mserp_ecorestrackingdimensiongroupentity</Name>
      <RibbonDiffXml />
    </Entity>
    <Entity>
      <Name LocalizedName="Asset management released products storage dimension defaults (mserp)" OriginalName="Asset management released products storage dimension defaults (mserp)">mserp_entassetreleasedproductstoragedimensiondefaultsentity</Name>
      <RibbonDiffXml />
    </Entity>
    <Entity>
      <Name LocalizedName="Asset management functional locations (mserp)" OriginalName="Asset management functional locations (mserp)">mserp_entassetmaintenancefunctionallocationentity</Name>
      <RibbonDiffXml />
    </Entity>
    <Entity>
      <Name LocalizedName="Asset management work orders V2 (mserp)" OriginalName="Asset management work orders V2 (mserp)">mserp_entassetmaintenanceworkordertablev2entity</Name>
      <RibbonDiffXml />
    </Entity>
    <Entity>
      <Name LocalizedName="Asset management work order lifecycle model sequence next (mserp)" OriginalName="Asset management work order lifecycle model sequence next (mserp)">mserp_entassetmaintenanceworkorderlifecyclemodelstatenextentity</Name>
      <RibbonDiffXml />
    </Entity>
    <Entity>
      <Name LocalizedName="Item batches (mserp)" OriginalName="Item batches (mserp)">mserp_inventitembatchentity</Name>
      <RibbonDiffXml />
    </Entity>
    <Entity>
      <Name LocalizedName="Asset management maintenance request types (mserp)" OriginalName="Asset management maintenance request types (mserp)">mserp_entassetmaintenancerequesttypeentity</Name>
      <RibbonDiffXml />
    </Entity>
    <Entity>
      <Name LocalizedName="Assets entity view V3 (mserp)" OriginalName="Assets entity view V3 (mserp)">mserp_entassetmaintenanceassetv3entity</Name>
      <RibbonDiffXml />
    </Entity>
    <Entity>
      <Name LocalizedName="Sites V2 (mserp)" OriginalName="Sites V2 (mserp)">mserp_inventoperationalsitev2entity</Name>
      <RibbonDiffXml />
    </Entity>
    <Entity>
      <Name LocalizedName="Asset management work order job hour consumption lines (mserp)" OriginalName="Asset management work order job hour consumption lines (mserp)">mserp_entassetmaintenanceworkorderlinehourconsumptionentity</Name>
      <RibbonDiffXml />
    </Entity>
    <Entity>
      <Name LocalizedName="Asset management work order job product consumption lines (mserp)" OriginalName="Asset management work order job product consumption lines (mserp)">mserp_entassetmaintenanceworkorderlineproductconsumptionentity</Name>
      <RibbonDiffXml />
    </Entity>
    <Entity>
      <Name LocalizedName="Asset management spare part items V2 (mserp)" OriginalName="Asset management spare part items V2 (mserp)">mserp_entassetmaintenanceassettypedefaultsparepartv2entity</Name>
      <RibbonDiffXml />
    </Entity>
    <Entity>
      <Name LocalizedName="Asset management work order jobs V2 (mserp)" OriginalName="Asset management work order jobs V2 (mserp)">mserp_entassetmaintenanceworkorderlinev2entity</Name>
      <RibbonDiffXml />
    </Entity>
    <Entity>
      <Name LocalizedName="Asset management maintenance requests V2 (mserp)" OriginalName="Asset management maintenance requests V2 (mserp)">mserp_entassetmaintenancerequestv2entity</Name>
      <RibbonDiffXml />
    </Entity>
    <Entity>
      <Name LocalizedName="Warehouses (mserp)" OriginalName="Warehouses (mserp)">mserp_inventwarehouseentity</Name>
      <RibbonDiffXml />
    </Entity>
    <Entity>
      <Name LocalizedName="Asset management maintenance job type variants (mserp)" OriginalName="Asset management maintenance job type variants (mserp)">mserp_entassetmaintenancejobtypevariantentity</Name>
      <RibbonDiffXml />
    </Entity>
    <Entity>
      <Name LocalizedName="Asset management mobile application user settings entity (mserp)" OriginalName="Asset management mobile application user settings entity (mserp)">mserp_entassetmaintenancemobileappusersettingsentity</Name>
      <RibbonDiffXml />
    </Entity>
    <Entity>
      <Name LocalizedName="Asset management maintenance checklist variable (mserp)" OriginalName="Asset management maintenance checklist variable (mserp)">mserp_entassetmaintenancechecklistvariableentity</Name>
      <RibbonDiffXml />
    </Entity>
    <Entity>
      <Name LocalizedName="Asset management parameters (mserp)" OriginalName="Asset management parameters (mserp)">mserp_entassetmaintenanceparametersentity</Name>
      <RibbonDiffXml />
    </Entity>
    <Entity>
      <Name LocalizedName="Item serial numbers (mserp)" OriginalName="Item serial numbers (mserp)">mserp_inventitemserialnumberentity</Name>
      <RibbonDiffXml />
    </Entity>
    <Entity>
      <Name LocalizedName="Asset management released products (mserp)" OriginalName="Asset management released products (mserp)">mserp_entassetreleasedproductentity</Name>
      <RibbonDiffXml />
    </Entity>
    <Entity>
      <Name LocalizedName="Asset management worker work orders and jobs (mserp)" OriginalName="Asset management worker work orders and jobs (mserp)">mserp_entassetmaintenanceworkorderuserreferenceentity</Name>
      <RibbonDiffXml />
    </Entity>
    <Entity>
      <Name LocalizedName="Warehouse locations (mserp)" OriginalName="Warehouse locations (mserp)">mserp_wmswarehouselocationentity</Name>
      <RibbonDiffXml />
    </Entity>
    <Entity>
      <Name LocalizedName="Asset management maintenance checklist variable value (mserp)" OriginalName="Asset management maintenance checklist variable value (mserp)">mserp_entassetmaintenancechecklistvariablevalueentity</Name>
      <RibbonDiffXml />
    </Entity>
    <Entity>
      <Name LocalizedName="Asset management work order service levels (mserp)" OriginalName="Asset management work order service levels (mserp)">mserp_entassetmaintenanceworkorderservicelevelentity</Name>
      <RibbonDiffXml />
    </Entity>
    <Entity>
      <Name LocalizedName="Asset management maintenance job types (mserp)" OriginalName="Asset management maintenance job types (mserp)">mserp_entassetmaintenancejobtypeentity</Name>
      <RibbonDiffXml />
    </Entity>
    <Entity>
      <Name LocalizedName="Asset management work order job maintenance checklist (mserp)" OriginalName="Asset management work order job maintenance checklist (mserp)">mserp_entassetmaintenanceworkorderlinechecklistentity</Name>
      <RibbonDiffXml />
    </Entity>
    <Entity>
      <Name LocalizedName="Asset management asset counters (mserp)" OriginalName="Asset management asset counters (mserp)">mserp_entassetmaintenanceassetcounterentity</Name>
      <RibbonDiffXml />
    </Entity>
    <Entity>
      <Name LocalizedName="Asset management maintenance workers (mserp)" OriginalName="Asset management maintenance workers (mserp)">mserp_entassetmaintenanceworkerentity</Name>
      <RibbonDiffXml />
    </Entity>
    <Entity>
      <Name LocalizedName="Asset management asset Bill of materials V2 (mserp)" OriginalName="Asset management asset Bill of materials V2 (mserp)">mserp_entassetmaintenanceassetbillofmaterialv2entity</Name>
      <RibbonDiffXml />
    </Entity>
    <Entity>
      <Name LocalizedName="Asset maintenance work order line attachment entity (mserp)" OriginalName="Asset maintenance work order line attachment entity (mserp)">mserp_entassetmaintenanceworkorderlineattachmententity</Name>
      <RibbonDiffXml />
    </Entity>
    <Entity>
      <Name LocalizedName="Document types (mserp)" OriginalName="Document types (mserp)">mserp_docutypeentity</Name>
      <RibbonDiffXml />
    </Entity>
    <Entity>
      <Name LocalizedName="Asset management maintenance request document attachments entity (mserp)" OriginalName="Asset management maintenance request document attachments entity (mserp)">mserp_entassetmaintenancerequestdocumentattachmententity</Name>
      <RibbonDiffXml />
    </Entity>
    <Entity>
      <Name LocalizedName="Asset management work order types (mserp)" OriginalName="Asset management work order types (mserp)">mserp_entassetmaintenanceworkordertypeentity</Name>
      <RibbonDiffXml />
    </Entity>
  </Entities>
  <Roles>
    <Role id="{91049197-0031-49db-8805-ef78af3a83ac}" name="Asset Management Mobile Application User Role" isinherited="1">
      <IsCustomizable>0</IsCustomizable>
      <RolePrivileges>
        <RolePrivilege name="prvAppendmserp_entassetmaintenancerequestdocumentattachmententity" level="Global" />
        <RolePrivilege name="prvAppendmserp_entassetmaintenanceworkorderlinehourconsumptionentity" level="Global" />
        <RolePrivilege name="prvAppendmserp_entassetmaintenanceworkorderlineproductconsumptionentity" level="Global" />
        <RolePrivilege name="prvAppendTomserp_entassetmaintenancerequestdocumentattachmententity" level="Global" />
        <RolePrivilege name="prvAppendTomserp_entassetmaintenanceworkorderlinehourconsumptionentity" level="Global" />
        <RolePrivilege name="prvAppendTomserp_entassetmaintenanceworkorderlineproductconsumptionentity" level="Global" />
        <RolePrivilege name="prvCreatemserp_entassetmaintenancerequestdocumentattachmententity" level="Global" />
        <RolePrivilege name="prvCreatemserp_entassetmaintenancerequestv2entity" level="Global" />
        <RolePrivilege name="prvCreatemserp_entassetmaintenanceworkorderlineattachmententity" level="Global" />
        <RolePrivilege name="prvCreatemserp_entassetmaintenanceworkorderlinehourconsumptionentity" level="Global" />
        <RolePrivilege name="prvCreatemserp_entassetmaintenanceworkorderlineproductconsumptionentity" level="Global" />
        <RolePrivilege name="prvCreatemserp_entassetmaintenanceworkorderlinev2entity" level="Global" />
        <RolePrivilege name="prvCreatemserp_entassetmaintenanceworkordertablev2entity" level="Global" />
        <RolePrivilege name="prvCreateSharePointData" level="Global" />
        <RolePrivilege name="prvDeletemserp_entassetmaintenanceworkorderlineattachmententity" level="Global" />
        <RolePrivilege name="prvDeletemserp_entassetmaintenanceworkorderlineproductconsumptionentity" level="Global" />
        <RolePrivilege name="prvReadAttribute" level="Global" />
        <RolePrivilege name="prvReadcdm_company" level="Global" />
        <RolePrivilege name="prvReaddatalakefolder" level="Global" />
        <RolePrivilege name="prvReadEntity" level="Global" />
        <RolePrivilege name="prvReadmserp_docutypeentity" level="Global" />
        <RolePrivilege name="prvReadmserp_ecorestrackingdimensiongroupentity" level="Global" />
        <RolePrivilege name="prvReadmserp_entassetmaintenanceassetbillofmaterialv2entity" level="Global" />
        <RolePrivilege name="prvReadmserp_entassetmaintenanceassetcounterentity" level="Global" />
        <RolePrivilege name="prvReadmserp_entassetmaintenanceassetservicelevelv2entity" level="Global" />
        <RolePrivilege name="prvReadmserp_entassetmaintenanceassettypedefaultsparepartv2entity" level="Global" />
        <RolePrivilege name="prvReadmserp_entassetmaintenanceassetv3entity" level="Global" />
        <RolePrivilege name="prvReadmserp_entassetmaintenancechecklistvariableentity" level="Global" />
        <RolePrivilege name="prvReadmserp_entassetmaintenancechecklistvariablevalueentity" level="Global" />
        <RolePrivilege name="prvReadmserp_entassetmaintenancefunctionallocationentity" level="Global" />
        <RolePrivilege name="prvReadmserp_entassetmaintenancejobtypeentity" level="Global" />
        <RolePrivilege name="prvReadmserp_entassetmaintenancejobtypevariantentity" level="Global" />
        <RolePrivilege name="prvReadmserp_entassetmaintenancemobileappusersettingsentity" level="Global" />
        <RolePrivilege name="prvReadmserp_entassetmaintenancemodelentity" level="Global" />
        <RolePrivilege name="prvReadmserp_entassetmaintenanceparametersentity" level="Global" />
        <RolePrivilege name="prvReadmserp_entassetmaintenancerequestdocumentattachmententity" level="Global" />
        <RolePrivilege name="prvReadmserp_entassetmaintenancerequesttypeentity" level="Global" />
        <RolePrivilege name="prvReadmserp_entassetmaintenancerequestv2entity" level="Global" />
        <RolePrivilege name="prvReadmserp_entassetmaintenanceworkerentity" level="Global" />
        <RolePrivilege name="prvReadmserp_entassetmaintenanceworkorderlifecyclemodelstatenextentity" level="Global" />
        <RolePrivilege name="prvReadmserp_entassetmaintenanceworkorderlineattachmententity" level="Global" />
        <RolePrivilege name="prvReadmserp_entassetmaintenanceworkorderlinechecklistentity" level="Global" />
        <RolePrivilege name="prvReadmserp_entassetmaintenanceworkorderlinehourconsumptionentity" level="Global" />
        <RolePrivilege name="prvReadmserp_entassetmaintenanceworkorderlineproductconsumptionentity" level="Global" />
        <RolePrivilege name="prvReadmserp_entassetmaintenanceworkorderlinev2entity" level="Global" />
        <RolePrivilege name="prvReadmserp_entassetmaintenanceworkorderservicelevelentity" level="Global" />
        <RolePrivilege name="prvReadmserp_entassetmaintenanceworkordertablev2entity" level="Global" />
        <RolePrivilege name="prvReadmserp_entassetmaintenanceworkordertypeentity" level="Global" />
        <RolePrivilege name="prvReadmserp_entassetmaintenanceworkorderuserreferenceentity" level="Global" />
        <RolePrivilege name="prvReadmserp_entassetreleasedproductentity" level="Global" />
        <RolePrivilege name="prvReadmserp_entassetreleasedproductstoragedimensiondefaultsentity" level="Global" />
        <RolePrivilege name="prvReadmserp_inventitembatchentity" level="Global" />
        <RolePrivilege name="prvReadmserp_inventitemserialnumberentity" level="Global" />
        <RolePrivilege name="prvReadmserp_inventoperationalsitev2entity" level="Global" />
        <RolePrivilege name="prvReadmserp_inventproductspecificordersettingsv3entity" level="Global" />
        <RolePrivilege name="prvReadmserp_inventwarehouseentity" level="Global" />
        <RolePrivilege name="prvReadmserp_wmswarehouselocationentity" level="Global" />
        <RolePrivilege name="prvReadPluginAssembly" level="Global" />
        <RolePrivilege name="prvReadPluginType" level="Global" />
        <RolePrivilege name="prvReadSdkMessage" level="Global" />
        <RolePrivilege name="prvReadSdkMessageProcessingStep" level="Global" />
        <RolePrivilege name="prvReadSdkMessageProcessingStepImage" level="Global" />
        <RolePrivilege name="prvReadSharePointData" level="Global" />
        <RolePrivilege name="prvReadSharePointDocument" level="Global" />
        <RolePrivilege name="prvWritemserp_entassetmaintenancerequestdocumentattachmententity" level="Global" />
        <RolePrivilege name="prvWritemserp_entassetmaintenanceworkorderlineattachmententity" level="Global" />
        <RolePrivilege name="prvWritemserp_entassetmaintenanceworkorderlinechecklistentity" level="Global" />
        <RolePrivilege name="prvWritemserp_entassetmaintenanceworkorderlinehourconsumptionentity" level="Global" />
        <RolePrivilege name="prvWritemserp_entassetmaintenanceworkorderlineproductconsumptionentity" level="Global" />
        <RolePrivilege name="prvWritemserp_entassetmaintenanceworkorderlinev2entity" level="Global" />
        <RolePrivilege name="prvWritemserp_entassetmaintenanceworkordertablev2entity" level="Global" />
        <RolePrivilege name="prvWriteSharePointData" level="Global" />
      </RolePrivileges>
    </Role>
  </Roles>
  <Workflows />
  <FieldSecurityProfiles />
  <Templates />
  <EntityMaps />
  <EntityRelationships />
  <OrganizationSettings />
  <optionsets />
  <CustomControls>
    <CustomControl>
      <Name>msdyn_MscrmControls.Common.A11yFocusTrap</Name>
      <FileName>/Controls/msdyn_MscrmControls.Common.A11yFocusTrap/ControlManifest.xml</FileName>
    </CustomControl>
  </CustomControls>
  <EntityDataProviders />
  <CanvasApps>
    <CanvasApp>
      <Name>msdyn_assetmanagementv2_bbd03</Name>
      <AppVersion>2023-07-14T09:15:35Z</AppVersion>
      <Status>Ready</Status>
      <CreatedByClientVersion>3.23071.11.0</CreatedByClientVersion>
      <MinClientVersion>3.23071.11.0</MinClientVersion>
      <Tags>{"primaryDeviceWidth":"1366","primaryDeviceHeight":"768","sienaVersion":"20230714T090343Z-3.23071.11.0","deviceCapabilities":"","supportsPortrait":"true","supportsLandscape":"true","primaryFormFactor":"Tablet","publisherVersion":"3.23071.11","minimumRequiredApiVersion":"2.2.0","hasComponent":"true","hasUnlockedComponent":"true","isUnifiedRootApp":"false","optimizedForTeamsMeeting":"false"}</Tags>
      <IsCdsUpgraded>0</IsCdsUpgraded>
      <GalleryItemId xsi:nil="true"></GalleryItemId>
      <BackgroundColor>rgba(255, 255, 255, 1)</BackgroundColor>
      <DisplayName>Asset Management V2</DisplayName>
      <Description xsi:nil="true"></Description>
      <CommitMessage xsi:nil="true"></CommitMessage>
      <Publisher></Publisher>
      <AuthorizationReferences>[]</AuthorizationReferences>
      <ConnectionReferences>{}</ConnectionReferences>
      <DatabaseReferences>{"default.cds":{"databaseDetails":{"referenceType":"Environmental","environmentName":"default.cds","overrideValues":{"status":"NotSpecified"}},"dataSources":{"Maintenance Requests":{"entitySetName":"mserp_entassetmaintenancerequestv2entities","logicalName":"mserp_entassetmaintenancerequestv2entity"},"Assets":{"entitySetName":"mserp_entassetmaintenanceassetv3entities","logicalName":"mserp_entassetmaintenanceassetv3entity"},"Asset management work orders V2 (mserp)":{"entitySetName":"mserp_entassetmaintenanceworkordertablev2entities","logicalName":"mserp_entassetmaintenanceworkordertablev2entity"},"Asset management work order jobs V2 (mserp)":{"entitySetName":"mserp_entassetmaintenanceworkorderlinev2entities","logicalName":"mserp_entassetmaintenanceworkorderlinev2entity"},"Work Order Service Levels":{"entitySetName":"mserp_entassetmaintenanceworkorderservicelevelentities","logicalName":"mserp_entassetmaintenanceworkorderservicelevelentity"},"Asset management work order job maintenance checklist (mserp)":{"entitySetName":"mserp_entassetmaintenanceworkorderlinechecklistentities","logicalName":"mserp_entassetmaintenanceworkorderlinechecklistentity"},"Asset management maintenance checklist variable value (mserp)":{"entitySetName":"mserp_entassetmaintenancechecklistvariablevalueentities","logicalName":"mserp_entassetmaintenancechecklistvariablevalueentity"},"Asset management maintenance checklist variable (mserp)":{"entitySetName":"mserp_entassetmaintenancechecklistvariableentities","logicalName":"mserp_entassetmaintenancechecklistvariableentity"},"Functional Locations":{"entitySetName":"mserp_entassetmaintenancefunctionallocationentities","logicalName":"mserp_entassetmaintenancefunctionallocationentity"},"Maintenance Request Types":{"entitySetName":"mserp_entassetmaintenancerequesttypeentities","logicalName":"mserp_entassetmaintenancerequesttypeentity"},"Asset management asset counters (mserp)":{"entitySetName":"mserp_entassetmaintenanceassetcounterentities","logicalName":"mserp_entassetmaintenanceassetcounterentity"},"Asset management work order lifecycle model sequence next (mserp)":{"entitySetName":"mserp_entassetmaintenanceworkorderlifecyclemodelstatenextentities","logicalName":"mserp_entassetmaintenanceworkorderlifecyclemodelstatenextentity"},"Asset management maintenance request document attachments entity (mserp)":{"entitySetName":"mserp_entassetmaintenancerequestdocumentattachmententities","logicalName":"mserp_entassetmaintenancerequestdocumentattachmententity"},"Document types (mserp)":{"entitySetName":"mserp_docutypeentities","logicalName":"mserp_docutypeentity"},"Companies":{"entitySetName":"cdm_companies","logicalName":"cdm_company"},"Asset management mobile application user settings entity (mserp)":{"entitySetName":"mserp_entassetmaintenancemobileappusersettingsentities","logicalName":"mserp_entassetmaintenancemobileappusersettingsentity"},"Asset management maintenance workers (mserp)":{"entitySetName":"mserp_entassetmaintenanceworkerentities","logicalName":"mserp_entassetmaintenanceworkerentity"},"Asset management worker work orders and jobs (mserp)":{"entitySetName":"mserp_entassetmaintenanceworkorderuserreferenceentities","logicalName":"mserp_entassetmaintenanceworkorderuserreferenceentity"},"Asset management maintenance service levels V2 (mserp)":{"entitySetName":"mserp_entassetmaintenanceassetservicelevelv2entities","logicalName":"mserp_entassetmaintenanceassetservicelevelv2entity"},"Asset management parameters (mserp)":{"entitySetName":"mserp_entassetmaintenanceparametersentities","logicalName":"mserp_entassetmaintenanceparametersentity"},"Asset management asset Bill of materials V2 (mserp)":{"entitySetName":"mserp_entassetmaintenanceassetbillofmaterialv2entities","logicalName":"mserp_entassetmaintenanceassetbillofmaterialv2entity"},"Asset management spare part items V2 (mserp)":{"entitySetName":"mserp_entassetmaintenanceassettypedefaultsparepartv2entities","logicalName":"mserp_entassetmaintenanceassettypedefaultsparepartv2entity"},"Asset management work order job product consumption lines (mserp)":{"entitySetName":"mserp_entassetmaintenanceworkorderlineproductconsumptionentities","logicalName":"mserp_entassetmaintenanceworkorderlineproductconsumptionentity"},"Item batches (mserp)":{"entitySetName":"mserp_inventitembatchentities","logicalName":"mserp_inventitembatchentity"},"Item serial numbers (mserp)":{"entitySetName":"mserp_inventitemserialnumberentities","logicalName":"mserp_inventitemserialnumberentity"},"Sites V2 (mserp)":{"entitySetName":"mserp_inventoperationalsitev2entities","logicalName":"mserp_inventoperationalsitev2entity"},"Tracking dimension groups (mserp)":{"entitySetName":"mserp_ecorestrackingdimensiongroupentities","logicalName":"mserp_ecorestrackingdimensiongroupentity"},"Warehouses (mserp)":{"entitySetName":"mserp_inventwarehouseentities","logicalName":"mserp_inventwarehouseentity"},"Asset management work order job hour consumption lines (mserp)":{"entitySetName":"mserp_entassetmaintenanceworkorderlinehourconsumptionentities","logicalName":"mserp_entassetmaintenanceworkorderlinehourconsumptionentity"},"Asset management released products (mserp)":{"entitySetName":"mserp_entassetreleasedproductentities","logicalName":"mserp_entassetreleasedproductentity"},"Asset maintenance work order line attachment entity (mserp)":{"entitySetName":"mserp_entassetmaintenanceworkorderlineattachmententities","logicalName":"mserp_entassetmaintenanceworkorderlineattachmententity"},"Asset management work order types (mserp)":{"entitySetName":"mserp_entassetmaintenanceworkordertypeentities","logicalName":"mserp_entassetmaintenanceworkordertypeentity"},"Asset management maintenance job types (mserp)":{"entitySetName":"mserp_entassetmaintenancejobtypeentities","logicalName":"mserp_entassetmaintenancejobtypeentity"},"Asset management maintenance job type variants (mserp)":{"entitySetName":"mserp_entassetmaintenancejobtypevariantentities","logicalName":"mserp_entassetmaintenancejobtypevariantentity"},"Warehouse locations (mserp)":{"entitySetName":"mserp_wmswarehouselocationentities","logicalName":"mserp_wmswarehouselocationentity"},"Asset management released products storage dimension defaults (mserp)":{"entitySetName":"mserp_entassetreleasedproductstoragedimensiondefaultsentities","logicalName":"mserp_entassetreleasedproductstoragedimensiondefaultsentity"}},"components":[{"componentName":"CustomControl","identifier":"msdyn_MscrmControls.Common.A11yFocusTrap","identifierType":"LogicalName","capabilities":{"pcfExternalServiceUsageAllowed":false}},{"componentName":"CustomControl","identifier":"msdyn_MscrmControls.Common.A11yFocusTrap","identifierType":"LogicalName","capabilities":{"pcfExternalServiceUsageAllowed":false}},{"componentName":"CustomControl","identifier":"msdyn_MscrmControls.Common.A11yFocusTrap","identifierType":"LogicalName","capabilities":{"pcfExternalServiceUsageAllowed":false}},{"componentName":"CustomControl","identifier":"msdyn_MscrmControls.Common.A11yFocusTrap","identifierType":"LogicalName","capabilities":{"pcfExternalServiceUsageAllowed":false}}]}}</DatabaseReferences>
      <AppComponents>[]</AppComponents>
      <AppComponentDependencies>[]</AppComponentDependencies>
      <CanConsumeAppPass>1</CanConsumeAppPass>
      <CanvasAppType>0</CanvasAppType>
      <BypassConsent>0</BypassConsent>
      <AdminControlBypassConsent>0</AdminControlBypassConsent>
      <EmbeddedApp xsi:nil="true"></EmbeddedApp>
      <IntroducedVersion>1.0</IntroducedVersion>
      <CdsDependencies>{"cdsdependencies":[{"logicalname":"mserp_entassetmaintenancerequestv2entity","componenttype":1},{"logicalname":"mserp_entassetmaintenanceassetv3entity","componenttype":1},{"logicalname":"mserp_entassetmaintenanceworkordertablev2entity","componenttype":1},{"logicalname":"mserp_entassetmaintenanceworkorderlinev2entity","componenttype":1},{"logicalname":"mserp_entassetmaintenanceworkorderservicelevelentity","componenttype":1},{"logicalname":"mserp_entassetmaintenanceworkorderlinechecklistentity","componenttype":1},{"logicalname":"mserp_entassetmaintenancechecklistvariablevalueentity","componenttype":1},{"logicalname":"mserp_entassetmaintenancechecklistvariableentity","componenttype":1},{"logicalname":"mserp_entassetmaintenancefunctionallocationentity","componenttype":1},{"logicalname":"mserp_entassetmaintenancerequesttypeentity","componenttype":1},{"logicalname":"mserp_entassetmaintenanceassetcounterentity","componenttype":1},{"logicalname":"mserp_entassetmaintenanceworkorderlifecyclemodelstatenextentity","componenttype":1},{"logicalname":"mserp_entassetmaintenancerequestdocumentattachmententity","componenttype":1},{"logicalname":"mserp_docutypeentity","componenttype":1},{"logicalname":"cdm_company","componenttype":1},{"logicalname":"mserp_entassetmaintenancemobileappusersettingsentity","componenttype":1},{"logicalname":"mserp_entassetmaintenanceworkerentity","componenttype":1},{"logicalname":"mserp_entassetmaintenanceworkorderuserreferenceentity","componenttype":1},{"logicalname":"mserp_entassetmaintenanceassetservicelevelv2entity","componenttype":1},{"logicalname":"mserp_entassetmaintenanceparametersentity","componenttype":1},{"logicalname":"mserp_entassetmaintenanceassetbillofmaterialv2entity","componenttype":1},{"logicalname":"mserp_entassetmaintenanceassettypedefaultsparepartv2entity","componenttype":1},{"logicalname":"mserp_entassetmaintenanceworkorderlineproductconsumptionentity","componenttype":1},{"logicalname":"mserp_inventitembatchentity","componenttype":1},{"logicalname":"mserp_inventitemserialnumberentity","componenttype":1},{"logicalname":"mserp_inventoperationalsitev2entity","componenttype":1},{"logicalname":"mserp_ecorestrackingdimensiongroupentity","componenttype":1},{"logicalname":"mserp_inventwarehouseentity","componenttype":1},{"logicalname":"mserp_entassetmaintenanceworkorderlinehourconsumptionentity","componenttype":1},{"logicalname":"mserp_entassetreleasedproductentity","componenttype":1},{"logicalname":"mserp_entassetmaintenanceworkorderlineattachmententity","componenttype":1},{"logicalname":"mserp_entassetmaintenanceworkordertypeentity","componenttype":1},{"logicalname":"mserp_entassetmaintenancejobtypeentity","componenttype":1},{"logicalname":"mserp_entassetmaintenancejobtypevariantentity","componenttype":1},{"logicalname":"mserp_wmswarehouselocationentity","componenttype":1},{"logicalname":"mserp_entassetreleasedproductstoragedimensiondefaultsentity","componenttype":1},{"dependencyid":"","logicalname":"msdyn_MscrmControls.Common.A11yFocusTrap","componenttype":66,"componenttypeplatformname":"CustomControl"},{"dependencyid":"","logicalname":"msdyn_MscrmControls.Common.A11yFocusTrap","componenttype":66,"componenttypeplatformname":"CustomControl"},{"dependencyid":"","logicalname":"msdyn_MscrmControls.Common.A11yFocusTrap","componenttype":66,"componenttypeplatformname":"CustomControl"},{"dependencyid":"","logicalname":"msdyn_MscrmControls.Common.A11yFocusTrap","componenttype":66,"componenttypeplatformname":"CustomControl"}]}</CdsDependencies>
      <IsCustomizable>1</IsCustomizable>
      <BackgroundImageUri>/CanvasApps/msdyn_assetmanagementv2_bbd03_BackgroundImageUri</BackgroundImageUri>
      <DocumentUri>/CanvasApps/msdyn_assetmanagementv2_bbd03_DocumentUri.msapp</DocumentUri>
    </CanvasApp>
  </CanvasApps>
  <Languages>
    <Language>1033</Language>
  </Languages>
</ImportExportXml>