<manifest>
  <control namespace="MscrmControls.Common" constructor="A11yFocusTrap" version="2.0.1" display-name-key="A11yFocusTrap" description-key="Focus trap control that supports screen readers" control-type="standard" api-version="1.3.5">
    <property name="Activate" display-name-key="Activate" description-key="Activate" of-type="TwoOptions" usage="bound" required="true" />
    <property name="ActivationDelay" display-name-key="ActivationDelay in milliseconds" description-key="Activation delay in milliseconds" of-type="Whole.None" usage="bound" required="true" />
    <property name="ReturnFocus" display-name-key="ReturnFocus" description-key="Return focus element" of-type="SingleLine.Text" usage="bound" required="true" />
    <property name="RootScreen" display-name-key="RootScreen" description-key="Root screen name" of-type="SingleLine.Text" usage="bound" required="false" />
    <property name="ContainerName" display-name-key="ContainerName" description-key="Component instance name" of-type="SingleLine.Text" usage="bound" required="true" />
    <supported-platforms>
      <supported-platform name="Canvas" />
      <supported-platform name="CustomPage" />
    </supported-platforms>
    <resources>
      <code path="bundle.js" order="1" />
    </resources>
    <built-by name="pac" version="1.23.3" />
  </control>
</manifest>